id,word,ipa,meaning,level,unit,image,sentence_en,sentence_vi
"vocab-L1-L1-U01-W01","red","/rˈɛd/","màu đỏ","L1","L1-U01","🔴","The balloon is red.","Quả bóng bay có màu đỏ."
"vocab-L1-L1-U01-W02","blue","/blˈu/","màu xanh dương","L1","L1-U01","🔵","The balloon is blue.","Quả bóng bay có màu xanh dương."
"vocab-L1-L1-U01-W03","yellow","/jˈɛloʊ/","màu vàng","L1","L1-U01","🟡","The balloon is yellow.","Quả bóng bay có màu vàng."
"vocab-L1-L1-U01-W04","green","/ɡrˈin/","màu xanh lá","L1","L1-U01","🟢","The balloon is green.","Quả bóng bay có màu xanh lá."
"vocab-L1-L1-U01-W05","orange","/ˈɔrəndʒ/","màu cam","L1","L1-U01","🟠","The balloon is orange.","Quả bóng bay có màu cam."
"vocab-L1-L1-U01-W06","purple","/pˈɝpəl/","màu tím","L1","L1-U01","🟣","The balloon is purple.","Quả bóng bay có màu tím."
"vocab-L1-L1-U01-W07","pink","/pˈɪŋk/","màu hồng","L1","L1-U01","🌸","The balloon is pink.","Quả bóng bay có màu hồng."
"vocab-L1-L1-U01-W08","black","/blˈæk/","màu đen","L1","L1-U01","🖤","The balloon is black.","Quả bóng bay có màu đen."
"vocab-L1-L1-U01-W09","white","/wˈaɪt/","màu trắng","L1","L1-U01","⚪","The balloon is white.","Quả bóng bay có màu trắng."
"vocab-L1-L1-U01-W10","brown","/brˈaʊn/","màu nâu","L1","L1-U01","🟤","The balloon is brown.","Quả bóng bay có màu nâu."
"vocab-L1-L1-U02-W01","one","/wˈʌn/","một","L1","L1-U02","1️⃣","I can count to one.","Bé có thể đếm đến một."
"vocab-L1-L1-U02-W02","two","/tˈu/","hai","L1","L1-U02","2️⃣","I can count to two.","Bé có thể đếm đến hai."
"vocab-L1-L1-U02-W03","three","/θrˈi/","ba","L1","L1-U02","3️⃣","I can count to three.","Bé có thể đếm đến ba."
"vocab-L1-L1-U02-W04","four","/fˈɔr/","bốn","L1","L1-U02","4️⃣","I can count to four.","Bé có thể đếm đến bốn."
"vocab-L1-L1-U02-W05","five","/fˈaɪv/","năm","L1","L1-U02","5️⃣","I can count to five.","Bé có thể đếm đến năm."
"vocab-L1-L1-U02-W06","six","/sˈɪks/","sáu","L1","L1-U02","6️⃣","I can count to six.","Bé có thể đếm đến sáu."
"vocab-L1-L1-U02-W07","seven","/sˈɛvən/","bảy","L1","L1-U02","7️⃣","I can count to seven.","Bé có thể đếm đến bảy."
"vocab-L1-L1-U02-W08","eight","/ˈeɪt/","tám","L1","L1-U02","8️⃣","I can count to eight.","Bé có thể đếm đến tám."
"vocab-L1-L1-U02-W09","nine","/nˈaɪn/","chín","L1","L1-U02","9️⃣","I can count to nine.","Bé có thể đếm đến chín."
"vocab-L1-L1-U02-W10","ten","/tˈɛn/","mười","L1","L1-U02","🔟","I can count to ten.","Bé có thể đếm đến mười."
"vocab-L1-L1-U03-W01","circle","/sˈɝkəl/","hình tròn","L1","L1-U03","⭕","I can see a circle.","Bé nhìn thấy hình tròn."
"vocab-L1-L1-U03-W02","square","/skwˈɛr/","hình vuông","L1","L1-U03","⏹️","I can see a square.","Bé nhìn thấy hình vuông."
"vocab-L1-L1-U03-W03","triangle","/trˈaɪˌæŋɡəl/","hình tam giác","L1","L1-U03","🔺","I can see a triangle.","Bé nhìn thấy hình tam giác."
"vocab-L1-L1-U03-W04","rectangle","/rˈɛktæŋɡəl/","hình chữ nhật","L1","L1-U03","▭","I can see a rectangle.","Bé nhìn thấy hình chữ nhật."
"vocab-L1-L1-U03-W05","star","/stˈɑr/","hình ngôi sao","L1","L1-U03","⭐","I can see a star.","Bé nhìn thấy hình ngôi sao."
"vocab-L1-L1-U03-W06","heart","/hˈɑrt/","hình trái tim","L1","L1-U03","❤️","I can see a heart.","Bé nhìn thấy hình trái tim."
"vocab-L1-L1-U03-W07","oval","/ˈoʊvəl/","hình bầu dục","L1","L1-U03","🥚","I can see an oval.","Bé nhìn thấy hình bầu dục."
"vocab-L1-L1-U03-W08","diamond","/dˈaɪmənd/","hình thoi","L1","L1-U03","🔷","I can see a diamond.","Bé nhìn thấy hình thoi."
"vocab-L1-L1-U03-W09","line","/lˈaɪn/","đường thẳng","L1","L1-U03","➖","I can see a line.","Bé nhìn thấy đường thẳng."
"vocab-L1-L1-U03-W10","dot","/dˈɑt/","dấu chấm","L1","L1-U03","⏺️","I can see a dot.","Bé nhìn thấy dấu chấm."
"vocab-L1-L1-U04-W01","mother","/mˈʌðɚ/","mẹ","L1","L1-U04","👩","This is my mother.","Đây là mẹ của bé."
"vocab-L1-L1-U04-W02","father","/fˈɑðɚ/","bố/cha","L1","L1-U04","👨","This is my father.","Đây là bố/cha của bé."
"vocab-L1-L1-U04-W03","sister","/sˈɪstɚ/","chị/em gái","L1","L1-U04","👧","This is my sister.","Đây là chị/em gái của bé."
"vocab-L1-L1-U04-W04","brother","/brˈʌðɚ/","anh/em trai","L1","L1-U04","👦","This is my brother.","Đây là anh/em trai của bé."
"vocab-L1-L1-U04-W05","grandmother","/ɡrˈændmˌʌðɚ/","bà","L1","L1-U04","👵","This is my grandmother.","Đây là bà của bé."
"vocab-L1-L1-U04-W06","grandfather","/ɡrˈændfˌɑðɚ/","ông","L1","L1-U04","👴","This is my grandfather.","Đây là ông của bé."
"vocab-L1-L1-U04-W07","baby","/bˈeɪbi/","em bé","L1","L1-U04","👶","This is my baby.","Đây là em bé của bé."
"vocab-L1-L1-U04-W08","family","/fˈæməli/","gia đình","L1","L1-U04","👨‍👩‍👧‍👦","This is my family.","Đây là gia đình của bé."
"vocab-L1-L1-U04-W09","aunt","/ˈænt/","cô/dì","L1","L1-U04","👩‍💼","This is my aunt.","Đây là cô/dì của bé."
"vocab-L1-L1-U04-W10","uncle","/ˈʌŋkəl/","chú/cậu/bác trai","L1","L1-U04","👨‍💼","This is my uncle.","Đây là chú/cậu/bác trai của bé."
"vocab-L1-L1-U05-W01","head","/hˈɛd/","đầu","L1","L1-U05","🗣️","Touch your head.","Hãy chạm vào đầu của con."
"vocab-L1-L1-U05-W02","hair","/hˈɛr/","tóc","L1","L1-U05","💇","Touch your hair.","Hãy chạm vào tóc của con."
"vocab-L1-L1-U05-W03","eye","/ˈaɪ/","mắt","L1","L1-U05","👁️","Touch your eye.","Hãy chạm vào mắt của con."
"vocab-L1-L1-U05-W04","ear","/ˈir/","tai","L1","L1-U05","👂","Touch your ear.","Hãy chạm vào tai của con."
"vocab-L1-L1-U05-W05","nose","/nˈoʊz/","mũi","L1","L1-U05","👃","Touch your nose.","Hãy chạm vào mũi của con."
"vocab-L1-L1-U05-W06","mouth","/mˈaʊθ/","miệng","L1","L1-U05","👄","Touch your mouth.","Hãy chạm vào miệng của con."
"vocab-L1-L1-U05-W07","hand","/hˈænd/","bàn tay","L1","L1-U05","🤚","Touch your hand.","Hãy chạm vào bàn tay của con."
"vocab-L1-L1-U05-W08","arm","/ˈɑrm/","cánh tay","L1","L1-U05","🦾","Touch your arm.","Hãy chạm vào cánh tay của con."
"vocab-L1-L1-U05-W09","leg","/lˈɛɡ/","chân","L1","L1-U05","🦵","Touch your leg.","Hãy chạm vào chân của con."
"vocab-L1-L1-U05-W10","foot","/fˈʊt/","bàn chân","L1","L1-U05","🦶","Touch your foot.","Hãy chạm vào bàn chân của con."
"vocab-L1-L1-U06-W01","cat","/kˈæt/","con mèo","L1","L1-U06","🐱","The cat is friendly.","Con mèo rất thân thiện."
"vocab-L1-L1-U06-W02","dog","/dˈɔɡ/","con chó","L1","L1-U06","🐶","The dog is friendly.","Con chó rất thân thiện."
"vocab-L1-L1-U06-W03","bird","/bˈɝd/","con chim","L1","L1-U06","🐦","The bird is friendly.","Con chim rất thân thiện."
"vocab-L1-L1-U06-W04","fish","/fˈɪʃ/","con cá","L1","L1-U06","🐟","The fish is friendly.","Con cá rất thân thiện."
"vocab-L1-L1-U06-W05","rabbit","/rˈæbət/","con thỏ","L1","L1-U06","🐰","The rabbit is friendly.","Con thỏ rất thân thiện."
"vocab-L1-L1-U06-W06","duck","/dˈʌk/","con vịt","L1","L1-U06","🦆","The duck is friendly.","Con vịt rất thân thiện."
"vocab-L1-L1-U06-W07","cow","/kˈaʊ/","con bò","L1","L1-U06","🐮","The cow is friendly.","Con bò rất thân thiện."
"vocab-L1-L1-U06-W08","pig","/pˈɪɡ/","con heo","L1","L1-U06","🐷","The pig is friendly.","Con heo rất thân thiện."
"vocab-L1-L1-U06-W09","horse","/hˈɔrs/","con ngựa","L1","L1-U06","🐴","The horse is friendly.","Con ngựa rất thân thiện."
"vocab-L1-L1-U06-W10","sheep","/ʃˈip/","con cừu","L1","L1-U06","🐑","The sheep is friendly.","Con cừu rất thân thiện."
"vocab-L1-L1-U07-W01","apple","/ˈæpəl/","quả táo","L1","L1-U07","🍎","I like apples.","Bé thích quả táo."
"vocab-L1-L1-U07-W02","banana","/bənˈænə/","quả chuối","L1","L1-U07","🍌","I like bananas.","Bé thích quả chuối."
"vocab-L1-L1-U07-W03","orange","/ˈɔrəndʒ/","quả cam","L1","L1-U07","🍊","I like oranges.","Bé thích quả cam."
"vocab-L1-L1-U07-W04","rice","/rˈaɪs/","cơm/gạo","L1","L1-U07","🍚","I like rice.","Bé thích cơm/gạo."
"vocab-L1-L1-U07-W05","bread","/brˈɛd/","bánh mì","L1","L1-U07","🍞","I like bread.","Bé thích bánh mì."
"vocab-L1-L1-U07-W06","milk","/mˈɪlk/","sữa","L1","L1-U07","🥛","I like milk.","Bé thích sữa."
"vocab-L1-L1-U07-W07","egg","/ˈɛɡ/","quả trứng","L1","L1-U07","🥚","I like eggs.","Bé thích quả trứng."
"vocab-L1-L1-U07-W08","cake","/kˈeɪk/","bánh ngọt","L1","L1-U07","🎂","I like cakes.","Bé thích bánh ngọt."
"vocab-L1-L1-U07-W09","water","/wˈɔtɚ/","nước","L1","L1-U07","💧","I like water.","Bé thích nước."
"vocab-L1-L1-U07-W10","juice","/dʒˈus/","nước ép","L1","L1-U07","🧃","I like juice.","Bé thích nước ép."
"vocab-L1-L1-U08-W01","book","/bˈʊk/","quyển sách","L1","L1-U08","📚","This is my book.","Đây là quyển sách của bé."
"vocab-L1-L1-U08-W02","pen","/pˈɛn/","bút mực","L1","L1-U08","🖊️","This is my pen.","Đây là bút mực của bé."
"vocab-L1-L1-U08-W03","pencil","/pˈɛnsəl/","bút chì","L1","L1-U08","✏️","This is my pencil.","Đây là bút chì của bé."
"vocab-L1-L1-U08-W04","ruler","/rˈulɚ/","thước kẻ","L1","L1-U08","📏","This is my ruler.","Đây là thước kẻ của bé."
"vocab-L1-L1-U08-W05","eraser","/ɪrˈeɪsɚ/","cục tẩy","L1","L1-U08","🧹","This is my eraser.","Đây là cục tẩy của bé."
"vocab-L1-L1-U08-W06","bag","/bˈæɡ/","cặp/túi","L1","L1-U08","🎒","This is my bag.","Đây là cặp/túi của bé."
"vocab-L1-L1-U08-W07","chair","/tʃˈɛr/","ghế","L1","L1-U08","🪑","This is my chair.","Đây là ghế của bé."
"vocab-L1-L1-U08-W08","table","/tˈeɪbəl/","bàn","L1","L1-U08","🪵","This is my table.","Đây là bàn của bé."
"vocab-L1-L1-U08-W09","door","/dˈɔr/","cửa ra vào","L1","L1-U08","🚪","This is my door.","Đây là cửa ra vào của bé."
"vocab-L1-L1-U08-W10","window","/wˈɪndoʊ/","cửa sổ","L1","L1-U08","🪟","This is my window.","Đây là cửa sổ của bé."
"vocab-L1-L1-U09-W01","run","/rˈʌn/","chạy","L1","L1-U09","🏃","I can run.","Bé có thể chạy."
"vocab-L1-L1-U09-W02","jump","/dʒˈʌmp/","nhảy","L1","L1-U09","🦘","I can jump.","Bé có thể nhảy."
"vocab-L1-L1-U09-W03","walk","/wˈɔk/","đi bộ","L1","L1-U09","🚶","I can walk.","Bé có thể đi bộ."
"vocab-L1-L1-U09-W04","sit","/sˈɪt/","ngồi","L1","L1-U09","🪑","I can sit.","Bé có thể ngồi."
"vocab-L1-L1-U09-W05","stand","/stˈænd/","đứng","L1","L1-U09","🧍","I can stand.","Bé có thể đứng."
"vocab-L1-L1-U09-W06","clap","/klˈæp/","vỗ tay","L1","L1-U09","👏","I can clap.","Bé có thể vỗ tay."
"vocab-L1-L1-U09-W07","sing","/sˈɪŋ/","hát","L1","L1-U09","🎤","I can sing.","Bé có thể hát."
"vocab-L1-L1-U09-W08","dance","/dˈæns/","nhảy múa","L1","L1-U09","💃","I can dance.","Bé có thể nhảy múa."
"vocab-L1-L1-U09-W09","eat","/ˈit/","ăn","L1","L1-U09","🍎","I can eat.","Bé có thể ăn."
"vocab-L1-L1-U09-W10","drink","/drˈɪŋk/","uống","L1","L1-U09","🥛","I can drink.","Bé có thể uống."
"vocab-L1-L1-U10-W01","happy","/hˈæpi/","vui vẻ","L1","L1-U10","😊","I feel happy.","Bé cảm thấy vui vẻ."
"vocab-L1-L1-U10-W02","sad","/sˈæd/","buồn","L1","L1-U10","😢","I feel sad.","Bé cảm thấy buồn."
"vocab-L1-L1-U10-W03","angry","/ˈæŋɡri/","tức giận","L1","L1-U10","😡","I feel angry.","Bé cảm thấy tức giận."
"vocab-L1-L1-U10-W04","scared","/skˈɛrd/","sợ hãi","L1","L1-U10","😱","I feel scared.","Bé cảm thấy sợ hãi."
"vocab-L1-L1-U10-W05","tired","/tˈaɪɚd/","mệt","L1","L1-U10","🥱","I feel tired.","Bé cảm thấy mệt."
"vocab-L1-L1-U10-W06","hungry","/hˈʌŋɡri/","đói","L1","L1-U10","🍕","I feel hungry.","Bé cảm thấy đói."
"vocab-L1-L1-U10-W07","thirsty","/θˈɝsti/","khát","L1","L1-U10","🥤","I feel thirsty.","Bé cảm thấy khát."
"vocab-L1-L1-U10-W08","excited","/ɪksˈaɪtəd/","hào hứng","L1","L1-U10","🎉","I feel excited.","Bé cảm thấy hào hứng."
"vocab-L1-L1-U10-W09","calm","/kˈɑm/","bình tĩnh","L1","L1-U10","🧘","I feel calm.","Bé cảm thấy bình tĩnh."
"vocab-L1-L1-U10-W10","sleepy","/slˈipi/","buồn ngủ","L1","L1-U10","🌙","I feel sleepy.","Bé cảm thấy buồn ngủ."
"vocab-L2-L2-U01-W01","house","/hˈaʊs/","ngôi nhà","L2","L2-U01","🏠","This is the house.","Đây là ngôi nhà."
"vocab-L2-L2-U01-W02","living room","/lˈɪvɪŋ rˈum/","phòng khách","L2","L2-U01","🛋️","This is the living room.","Đây là phòng khách."
"vocab-L2-L2-U01-W03","bedroom","/bˈɛdrˌum/","phòng ngủ","L2","L2-U01","🛏️","This is the bedroom.","Đây là phòng ngủ."
"vocab-L2-L2-U01-W04","kitchen","/kˈɪtʃən/","nhà bếp","L2","L2-U01","🍳","This is the kitchen.","Đây là nhà bếp."
"vocab-L2-L2-U01-W05","bathroom","/bˈæθrˌum/","phòng tắm","L2","L2-U01","🛁","This is the bathroom.","Đây là phòng tắm."
"vocab-L2-L2-U01-W06","garden","/ɡˈɑrdən/","khu vườn","L2","L2-U01","🏡","This is the garden.","Đây là khu vườn."
"vocab-L2-L2-U01-W07","bed","/bˈɛd/","giường","L2","L2-U01","🛌","This is the bed.","Đây là giường."
"vocab-L2-L2-U01-W08","sofa","/sˈoʊfə/","ghế sofa","L2","L2-U01","🛋️","This is the sofa.","Đây là ghế sofa."
"vocab-L2-L2-U01-W09","lamp","/lˈæmp/","đèn","L2","L2-U01","💡","This is the lamp.","Đây là đèn."
"vocab-L2-L2-U01-W10","clock","/klˈɑk/","đồng hồ","L2","L2-U01","⏰","This is the clock.","Đây là đồng hồ."
"vocab-L2-L2-U02-W01","shirt","/ʃˈɝt/","áo sơ mi","L2","L2-U02","👔","I am wearing a shirt.","Bé đang mặc áo sơ mi."
"vocab-L2-L2-U02-W02","T-shirt","/tˈi-ʃˈɝt/","áo thun","L2","L2-U02","👕","I am wearing a T-shirt.","Bé đang mặc áo thun."
"vocab-L2-L2-U02-W03","dress","/drˈɛs/","váy liền","L2","L2-U02","👗","She is wearing a dress.","Bạn ấy đang mặc váy liền."
"vocab-L2-L2-U02-W04","skirt","/skˈɝt/","chân váy","L2","L2-U02","👗","She is wearing a skirt.","Bạn ấy đang mặc chân váy."
"vocab-L2-L2-U02-W05","trousers","/trˈaʊzɚz/","quần dài","L2","L2-U02","👖","I am wearing trousers.","Bé đang mặc quần dài."
"vocab-L2-L2-U02-W06","shorts","/ʃˈɔrts/","quần ngắn","L2","L2-U02","🩳","I am wearing shorts.","Bé đang mặc quần ngắn."
"vocab-L2-L2-U02-W07","shoes","/ʃˈuz/","giày","L2","L2-U02","👟","These are my shoes.","Đây là đôi giày của bé."
"vocab-L2-L2-U02-W08","socks","/sˈɑks/","tất/vớ","L2","L2-U02","🧦","These are my socks.","Đây là đôi tất của bé."
"vocab-L2-L2-U02-W09","hat","/hˈæt/","mũ","L2","L2-U02","🧢","I am wearing a hat.","Bé đang đội mũ."
"vocab-L2-L2-U02-W10","jacket","/dʒˈækət/","áo khoác","L2","L2-U02","🧥","I am wearing a jacket.","Bé đang mặc áo khoác."
"vocab-L2-L2-U03-W01","wake up","/wˈeɪk ˈʌp/","thức dậy","L2","L2-U03","⏰","I wake up at seven.","Bé thức dậy lúc bảy giờ."
"vocab-L2-L2-U03-W02","brush","/brˈʌʃ/","chải/đánh","L2","L2-U03","🪥","I brush my teeth every morning.","Bé đánh răng mỗi sáng."
"vocab-L2-L2-U03-W03","wash","/wˈɑʃ/","rửa","L2","L2-U03","🚰","I wash my face every morning.","Bé rửa mặt mỗi sáng."
"vocab-L2-L2-U03-W04","get dressed","/ɡˈɛt drˈɛst/","mặc quần áo","L2","L2-U03","👕","I get dressed after breakfast.","Bé mặc quần áo sau bữa sáng."
"vocab-L2-L2-U03-W05","have breakfast","/hˈæv brˈɛkfəst/","ăn sáng","L2","L2-U03","🍳","I have breakfast with my family.","Bé ăn sáng cùng gia đình."
"vocab-L2-L2-U03-W06","go to school","/ɡˈoʊ tˈu skˈul/","đi học","L2","L2-U03","🏫","I go to school in the morning.","Bé đi học vào buổi sáng."
"vocab-L2-L2-U03-W07","study","/stˈʌdi/","học","L2","L2-U03","📚","I study English after school.","Bé học tiếng Anh sau giờ học."
"vocab-L2-L2-U03-W08","play","/plˈeɪ/","chơi","L2","L2-U03","⚽","I play with my friends.","Bé chơi cùng các bạn."
"vocab-L2-L2-U03-W09","have dinner","/hˈæv dˈɪnɚ/","ăn tối","L2","L2-U03","🍲","I have dinner at home.","Bé ăn tối ở nhà."
"vocab-L2-L2-U03-W10","sleep","/slˈip/","ngủ","L2","L2-U03","🌙","I sleep at night.","Bé ngủ vào ban đêm."
"vocab-L2-L2-U04-W01","sunny","/sˈʌni/","có nắng","L2","L2-U04","☀️","It is sunny today.","Hôm nay trời có nắng."
"vocab-L2-L2-U04-W02","rainy","/rˈeɪni/","có mưa","L2","L2-U04","🌧️","It is rainy today.","Hôm nay trời có mưa."
"vocab-L2-L2-U04-W03","cloudy","/klˈaʊdi/","nhiều mây","L2","L2-U04","☁️","It is cloudy today.","Hôm nay trời nhiều mây."
"vocab-L2-L2-U04-W04","windy","/wˈɪndi/","có gió","L2","L2-U04","🌬️","It is windy today.","Hôm nay trời có gió."
"vocab-L2-L2-U04-W05","hot","/hˈɑt/","nóng","L2","L2-U04","🥵","It is hot today.","Hôm nay trời nóng."
"vocab-L2-L2-U04-W06","cold","/kˈoʊld/","lạnh","L2","L2-U04","🥶","It is cold today.","Hôm nay trời lạnh."
"vocab-L2-L2-U04-W07","warm","/wˈɔrm/","ấm","L2","L2-U04","🌤️","It is warm today.","Hôm nay trời ấm."
"vocab-L2-L2-U04-W08","cool","/kˈul/","mát","L2","L2-U04","🍃","It is cool today.","Hôm nay trời mát."
"vocab-L2-L2-U04-W09","storm","/stˈɔrm/","cơn bão","L2","L2-U04","🌩️","I can see a storm.","Bé có thể nhìn thấy cơn bão."
"vocab-L2-L2-U04-W10","rainbow","/rˈeɪnbˌoʊ/","cầu vồng","L2","L2-U04","🌈","I can see a rainbow.","Bé có thể nhìn thấy cầu vồng."
"vocab-L2-L2-U05-W01","bicycle","/bˈaɪsɪkəl/","xe đạp","L2","L2-U05","🚲","I can travel by bicycle.","Bé có thể di chuyển bằng xe đạp."
"vocab-L2-L2-U05-W02","motorbike","/mˈoʊtɚbˌaɪk/","xe máy","L2","L2-U05","🛵","I can travel by motorbike.","Bé có thể di chuyển bằng xe máy."
"vocab-L2-L2-U05-W03","car","/kˈɑr/","ô tô","L2","L2-U05","🚗","I can travel by car.","Bé có thể di chuyển bằng ô tô."
"vocab-L2-L2-U05-W04","bus","/bˈʌs/","xe buýt","L2","L2-U05","🚌","I can travel by bus.","Bé có thể di chuyển bằng xe buýt."
"vocab-L2-L2-U05-W05","train","/trˈeɪn/","tàu hỏa","L2","L2-U05","🚂","I can travel by train.","Bé có thể di chuyển bằng tàu hỏa."
"vocab-L2-L2-U05-W06","plane","/plˈeɪn/","máy bay","L2","L2-U05","✈️","I can travel by plane.","Bé có thể di chuyển bằng máy bay."
"vocab-L2-L2-U05-W07","boat","/bˈoʊt/","thuyền","L2","L2-U05","⛵","I can travel by boat.","Bé có thể di chuyển bằng thuyền."
"vocab-L2-L2-U05-W08","taxi","/tˈæksi/","xe taxi","L2","L2-U05","🚕","I can travel by taxi.","Bé có thể di chuyển bằng xe taxi."
"vocab-L2-L2-U05-W09","truck","/trˈʌk/","xe tải","L2","L2-U05","🚚","I can travel by truck.","Bé có thể di chuyển bằng xe tải."
"vocab-L2-L2-U05-W10","scooter","/skˈutɚ/","xe tay ga/xe trượt","L2","L2-U05","🛴","I can travel by scooter.","Bé có thể di chuyển bằng xe tay ga/xe trượt."
"vocab-L2-L2-U06-W01","school","/skˈul/","trường học","L2","L2-U06","🏫","We go to school in the morning.","Chúng ta đi học vào buổi sáng."
"vocab-L2-L2-U06-W02","hospital","/hˈɑspˌɪtəl/","bệnh viện","L2","L2-U06","🏥","A doctor works at the hospital.","Bác sĩ làm việc tại bệnh viện."
"vocab-L2-L2-U06-W03","park","/pˈɑrk/","công viên","L2","L2-U06","🏞️","We play in the park.","Chúng ta chơi trong công viên."
"vocab-L2-L2-U06-W04","supermarket","/sˈupɚmˌɑrkɪt/","siêu thị","L2","L2-U06","🛒","We buy food at the supermarket.","Chúng ta mua thực phẩm ở siêu thị."
"vocab-L2-L2-U06-W05","library","/lˈaɪbrɛrˌi/","thư viện","L2","L2-U06","📖","We read books at the library.","Chúng ta đọc sách ở thư viện."
"vocab-L2-L2-U06-W06","zoo","/zˈu/","sở thú","L2","L2-U06","🦁","We can see animals at the zoo.","Chúng ta có thể xem động vật ở sở thú."
"vocab-L2-L2-U06-W07","cinema","/sˈɪnəmə/","rạp chiếu phim","L2","L2-U06","🎬","We watch a movie at the cinema.","Chúng ta xem phim ở rạp chiếu phim."
"vocab-L2-L2-U06-W08","restaurant","/rˈɛstɚˌɑnt/","nhà hàng","L2","L2-U06","🍽️","We eat dinner at the restaurant.","Chúng ta ăn tối ở nhà hàng."
"vocab-L2-L2-U06-W09","bank","/bˈæŋk/","ngân hàng","L2","L2-U06","🏦","People keep money in a bank.","Mọi người gửi tiền ở ngân hàng."
"vocab-L2-L2-U06-W10","post office","/pˈoʊst ˈɔfɪs/","bưu điện","L2","L2-U06","📮","We send a letter at the post office.","Chúng ta gửi thư ở bưu điện."
"vocab-L2-L2-U07-W01","teacher","/tˈitʃɚ/","giáo viên","L2","L2-U07","🧑‍🏫","A teacher helps children learn.","Giáo viên giúp trẻ học tập."
"vocab-L2-L2-U07-W02","doctor","/dˈɑktɚ/","bác sĩ","L2","L2-U07","🩺","A doctor helps sick people.","Bác sĩ giúp người bị ốm."
"vocab-L2-L2-U07-W03","nurse","/nˈɝs/","y tá","L2","L2-U07","🧑‍⚕️","A nurse cares for patients.","Y tá chăm sóc bệnh nhân."
"vocab-L2-L2-U07-W04","police officer","/pəlˈis ˈɔfəsɚ/","cảnh sát","L2","L2-U07","👮","A police officer keeps people safe.","Cảnh sát giúp mọi người an toàn."
"vocab-L2-L2-U07-W05","firefighter","/fˈaɪrfˌaɪtɚ/","lính cứu hỏa","L2","L2-U07","👨‍🚒","A firefighter puts out fires.","Lính cứu hỏa dập tắt đám cháy."
"vocab-L2-L2-U07-W06","farmer","/fˈɑrmɚ/","nông dân","L2","L2-U07","👨‍🌾","A farmer grows food.","Nông dân trồng lương thực."
"vocab-L2-L2-U07-W07","cook","/kˈʊk/","đầu bếp","L2","L2-U07","👨‍🍳","A cook makes delicious food.","Đầu bếp nấu món ăn ngon."
"vocab-L2-L2-U07-W08","driver","/drˈaɪvɚ/","tài xế","L2","L2-U07","🚘","A driver drives a vehicle.","Tài xế lái phương tiện."
"vocab-L2-L2-U07-W09","pilot","/pˈaɪlət/","phi công","L2","L2-U07","👨‍✈️","A pilot flies a plane.","Phi công lái máy bay."
"vocab-L2-L2-U07-W10","artist","/ˈɑrtəst/","họa sĩ/nghệ sĩ","L2","L2-U07","🎨","An artist creates beautiful pictures.","Họa sĩ tạo ra những bức tranh đẹp."
"vocab-L2-L2-U08-W01","mango","/mˈæŋɡoʊ/","quả xoài","L2","L2-U08","🥭","I like mangoes.","Bé thích quả xoài."
"vocab-L2-L2-U08-W02","grape","/ɡrˈeɪp/","quả nho","L2","L2-U08","🍇","I like grapes.","Bé thích quả nho."
"vocab-L2-L2-U08-W03","watermelon","/wˈɔtɚmˌɛlən/","dưa hấu","L2","L2-U08","🍉","I like watermelons.","Bé thích dưa hấu."
"vocab-L2-L2-U08-W04","strawberry","/strˈɔbˌɛri/","dâu tây","L2","L2-U08","🍓","I like strawberries.","Bé thích dâu tây."
"vocab-L2-L2-U08-W05","pineapple","/pˈaɪnˌæpəl/","quả dứa/thơm","L2","L2-U08","🍍","I like pineapples.","Bé thích quả dứa/thơm."
"vocab-L2-L2-U08-W06","carrot","/kˈærət/","cà rốt","L2","L2-U08","🥕","I like carrots.","Bé thích cà rốt."
"vocab-L2-L2-U08-W07","tomato","/təmˈeɪtˌoʊ/","cà chua","L2","L2-U08","🍅","I like tomatoes.","Bé thích cà chua."
"vocab-L2-L2-U08-W08","potato","/pətˈeɪtˌoʊ/","khoai tây","L2","L2-U08","🥔","I like potatoes.","Bé thích khoai tây."
"vocab-L2-L2-U08-W09","corn","/kˈɔrn/","bắp/ngô","L2","L2-U08","🌽","I like corn.","Bé thích bắp/ngô."
"vocab-L2-L2-U08-W10","cucumber","/kjˈukəmbɚ/","dưa leo","L2","L2-U08","🥒","I like cucumbers.","Bé thích dưa leo."
"vocab-L2-L2-U09-W01","morning","/mˈɔrnɪŋ/","buổi sáng","L2","L2-U09","🌅","I eat breakfast in the morning.","Bé ăn sáng vào buổi sáng."
"vocab-L2-L2-U09-W02","afternoon","/ˌæftɚnˈun/","buổi chiều","L2","L2-U09","☀️","I play in the afternoon.","Bé chơi vào buổi chiều."
"vocab-L2-L2-U09-W03","evening","/ˈivnɪŋ/","buổi tối","L2","L2-U09","🌆","I read in the evening.","Bé đọc sách vào buổi tối."
"vocab-L2-L2-U09-W04","night","/nˈaɪt/","ban đêm","L2","L2-U09","🌙","I sleep at night.","Bé ngủ vào ban đêm."
"vocab-L2-L2-U09-W05","today","/tədˈeɪ/","hôm nay","L2","L2-U09","📅","Today is a sunny day.","Hôm nay là một ngày nắng."
"vocab-L2-L2-U09-W06","tomorrow","/təmˈɑrˌoʊ/","ngày mai","L2","L2-U09","🌅","We will go to school tomorrow.","Ngày mai chúng ta sẽ đi học."
"vocab-L2-L2-U09-W07","yesterday","/jˈɛstɚdˌeɪ/","hôm qua","L2","L2-U09","📜","I played with my friend yesterday.","Hôm qua bé đã chơi cùng bạn."
"vocab-L2-L2-U09-W08","Monday","/mˈʌndi/","thứ Hai","L2","L2-U09","📆","Today is Monday.","Hôm nay là thứ Hai."
"vocab-L2-L2-U09-W09","weekend","/wˈikˌɛnd/","cuối tuần","L2","L2-U09","🎉","We visit Grandma at the weekend.","Chúng ta thăm bà vào cuối tuần."
"vocab-L2-L2-U09-W10","birthday","/bˈɝθdˌeɪ/","sinh nhật","L2","L2-U09","🎂","My birthday is in September.","Sinh nhật của bé vào tháng Chín."
"vocab-L2-L2-U10-W01","football","/fˈʊtbˌɔl/","bóng đá","L2","L2-U10","⚽","I enjoy football.","Bé thích bóng đá."
"vocab-L2-L2-U10-W02","basketball","/bˈæskətbˌɔl/","bóng rổ","L2","L2-U10","🏀","I enjoy basketball.","Bé thích bóng rổ."
"vocab-L2-L2-U10-W03","badminton","/bˈædmˌɪntən/","cầu lông","L2","L2-U10","🏸","I enjoy badminton.","Bé thích cầu lông."
"vocab-L2-L2-U10-W04","swimming","/swˈɪmɪŋ/","bơi lội","L2","L2-U10","🏊","I enjoy swimming.","Bé thích bơi lội."
"vocab-L2-L2-U10-W05","running","/rˈʌnɪŋ/","chạy bộ","L2","L2-U10","🏃","I enjoy running.","Bé thích chạy bộ."
"vocab-L2-L2-U10-W06","cycling","/sˈaɪkəlɪŋ/","đạp xe","L2","L2-U10","🚴","I enjoy cycling.","Bé thích đạp xe."
"vocab-L2-L2-U10-W07","tennis","/tˈɛnəs/","quần vợt","L2","L2-U10","🎾","I enjoy tennis.","Bé thích quần vợt."
"vocab-L2-L2-U10-W08","volleyball","/vˈɑlibˌɔl/","bóng chuyền","L2","L2-U10","🏐","I enjoy volleyball.","Bé thích bóng chuyền."
"vocab-L2-L2-U10-W09","yoga","/jˈoʊɡə/","yoga","L2","L2-U10","🧘","I enjoy yoga.","Bé thích yoga."
"vocab-L2-L2-U10-W10","skating","/skˈeɪtɪŋ/","trượt patin/trượt băng","L2","L2-U10","🛼","I enjoy skating.","Bé thích trượt patin/trượt băng."
"vocab-L3-L3-U01-W01","forest","/fˈɔrəst/","rừng","L3","L3-U01","🌲","The forest is beautiful.","Rừng rất đẹp."
"vocab-L3-L3-U01-W02","mountain","/mˈaʊntən/","núi","L3","L3-U01","⛰️","The mountain is beautiful.","Núi rất đẹp."
"vocab-L3-L3-U01-W03","river","/rˈɪvɚ/","sông","L3","L3-U01","🏞️","The river is beautiful.","Sông rất đẹp."
"vocab-L3-L3-U01-W04","lake","/lˈeɪk/","hồ","L3","L3-U01","🌊","The lake is beautiful.","Hồ rất đẹp."
"vocab-L3-L3-U01-W05","ocean","/ˈoʊʃən/","đại dương","L3","L3-U01","🌊","The ocean is beautiful.","Đại dương rất đẹp."
"vocab-L3-L3-U01-W06","beach","/bˈitʃ/","bãi biển","L3","L3-U01","🏖️","The beach is beautiful.","Bãi biển rất đẹp."
"vocab-L3-L3-U01-W07","island","/ˈaɪlənd/","hòn đảo","L3","L3-U01","🏝️","The island is beautiful.","Hòn đảo rất đẹp."
"vocab-L3-L3-U01-W08","waterfall","/wˈɔtɚfˌɔl/","thác nước","L3","L3-U01","🌊","The waterfall is beautiful.","Thác nước rất đẹp."
"vocab-L3-L3-U01-W09","flower","/flˈaʊɚ/","bông hoa","L3","L3-U01","🌸","The flower is beautiful.","Bông hoa rất đẹp."
"vocab-L3-L3-U01-W10","tree","/trˈi/","cây","L3","L3-U01","🌳","The tree is beautiful.","Cây rất đẹp."
"vocab-L3-L3-U02-W01","healthy","/hˈɛlθi/","khỏe mạnh","L3","L3-U02","💪","Fruit and exercise keep us healthy.","Trái cây và vận động giúp chúng ta khỏe mạnh."
"vocab-L3-L3-U02-W02","sick","/sˈɪk/","bị ốm","L3","L3-U02","🤢","I feel sick today.","Hôm nay bé cảm thấy bị ốm."
"vocab-L3-L3-U02-W03","fever","/fˈivɚ/","sốt","L3","L3-U02","🌡️","I have a fever.","Bé bị sốt."
"vocab-L3-L3-U02-W04","cough","/kˈɑf/","ho","L3","L3-U02","🗣️","I have a cough.","Bé bị ho."
"vocab-L3-L3-U02-W05","headache","/hˈɛdˌeɪk/","đau đầu","L3","L3-U02","🤕","I have a headache.","Bé bị đau đầu."
"vocab-L3-L3-U02-W06","medicine","/mˈɛdəsən/","thuốc","L3","L3-U02","💊","The doctor gives me medicine.","Bác sĩ cho bé thuốc."
"vocab-L3-L3-U02-W07","doctor","/dˈɑktɚ/","bác sĩ","L3","L3-U02","🩺","The doctor checks my health.","Bác sĩ kiểm tra sức khỏe của bé."
"vocab-L3-L3-U02-W08","hospital","/hˈɑspˌɪtəl/","bệnh viện","L3","L3-U02","🏥","Sick people may go to the hospital.","Người bị ốm có thể đến bệnh viện."
"vocab-L3-L3-U02-W09","exercise","/ˈɛksɚsˌaɪz/","tập thể dục","L3","L3-U02","🏃","I exercise every day.","Bé tập thể dục mỗi ngày."
"vocab-L3-L3-U02-W10","rest","/rˈɛst/","nghỉ ngơi","L3","L3-U02","🛌","I need to rest when I am tired.","Bé cần nghỉ ngơi khi mệt."
"vocab-L3-L3-U03-W01","shop","/ʃˈɑp/","cửa hàng/mua sắm","L3","L3-U03","🏪","We buy food at the shop.","Chúng ta mua thực phẩm ở cửa hàng."
"vocab-L3-L3-U03-W02","price","/prˈaɪs/","giá","L3","L3-U03","🏷️","The price is 10,000 đồng.","Giá là 10.000 đồng."
"vocab-L3-L3-U03-W03","money","/mˈʌni/","tiền","L3","L3-U03","💵","I keep my money in a small wallet.","Bé để tiền trong một chiếc ví nhỏ."
"vocab-L3-L3-U03-W04","cheap","/tʃˈip/","rẻ","L3","L3-U03","🪙","This pencil is cheap.","Cây bút chì này rẻ."
"vocab-L3-L3-U03-W05","expensive","/ɪkspˈɛnsɪv/","đắt","L3","L3-U03","💎","This bicycle is expensive.","Chiếc xe đạp này đắt."
"vocab-L3-L3-U03-W06","buy","/bˈaɪ/","mua","L3","L3-U03","🛒","I want to buy a book.","Bé muốn mua một quyển sách."
"vocab-L3-L3-U03-W07","sell","/sˈɛl/","bán","L3","L3-U03","🏷️","The shop sells fruit.","Cửa hàng bán trái cây."
"vocab-L3-L3-U03-W08","pay","/pˈeɪ/","thanh toán","L3","L3-U03","💳","We pay at the counter.","Chúng ta thanh toán tại quầy."
"vocab-L3-L3-U03-W09","receipt","/rɪsˈit/","biên lai","L3","L3-U03","🧾","Please keep the receipt.","Hãy giữ lại biên lai."
"vocab-L3-L3-U03-W10","change","/tʃˈeɪndʒ/","tiền thừa","L3","L3-U03","🪙","The cashier gives me my change.","Thu ngân trả lại tiền thừa cho bé."
"vocab-L3-L3-U04-W01","ticket","/tˈɪkət/","vé","L3","L3-U04","🎟️","I show my ticket before the trip.","Bé xuất trình vé trước chuyến đi."
"vocab-L3-L3-U04-W02","passport","/pˈæspˌɔrt/","hộ chiếu","L3","L3-U04","🛂","A passport is needed for some countries.","Cần hộ chiếu khi đến một số quốc gia."
"vocab-L3-L3-U04-W03","suitcase","/sˈutkˌeɪs/","va li","L3","L3-U04","🧳","My clothes are in the suitcase.","Quần áo của bé ở trong va li."
"vocab-L3-L3-U04-W04","airport","/ˈɛrpˌɔrt/","sân bay","L3","L3-U04","✈️","We arrive at the airport early.","Chúng ta đến sân bay sớm."
"vocab-L3-L3-U04-W05","hotel","/hoʊtˈɛl/","khách sạn","L3","L3-U04","🏨","Our family stays at a hotel.","Gia đình bé ở tại khách sạn."
"vocab-L3-L3-U04-W06","map","/mˈæp/","bản đồ","L3","L3-U04","🗺️","The map shows us the way.","Bản đồ chỉ đường cho chúng ta."
"vocab-L3-L3-U04-W07","journey","/dʒˈɝni/","chuyến đi","L3","L3-U04","🧭","The journey takes two hours.","Chuyến đi kéo dài hai giờ."
"vocab-L3-L3-U04-W08","tourist","/tˈʊrəst/","du khách","L3","L3-U04","🧳","The tourist takes a photo.","Du khách chụp một bức ảnh."
"vocab-L3-L3-U04-W09","visit","/vˈɪzɪt/","thăm","L3","L3-U04","🏛️","We visit a museum.","Chúng ta thăm một bảo tàng."
"vocab-L3-L3-U04-W10","arrive","/ɚˈaɪv/","đến nơi","L3","L3-U04","🛬","We arrive before lunch.","Chúng ta đến nơi trước bữa trưa."
"vocab-L3-L3-U05-W01","computer","/kəmpjˈutɚ/","máy tính","L3","L3-U05","💻","I use the computer carefully.","Bé sử dụng máy tính cẩn thận."
"vocab-L3-L3-U05-W02","laptop","/lˈæptˌɑp/","máy tính xách tay","L3","L3-U05","💻","I use the laptop carefully.","Bé sử dụng máy tính xách tay cẩn thận."
"vocab-L3-L3-U05-W03","tablet","/tˈæblət/","máy tính bảng","L3","L3-U05","📱","I use the tablet carefully.","Bé sử dụng máy tính bảng cẩn thận."
"vocab-L3-L3-U05-W04","screen","/skrˈin/","màn hình","L3","L3-U05","🖥️","I use the screen carefully.","Bé sử dụng màn hình cẩn thận."
"vocab-L3-L3-U05-W05","keyboard","/kˈibˌɔrd/","bàn phím","L3","L3-U05","⌨️","I use the keyboard carefully.","Bé sử dụng bàn phím cẩn thận."
"vocab-L3-L3-U05-W06","mouse","/mˈaʊs/","chuột máy tính","L3","L3-U05","🖱️","I use the mouse carefully.","Bé sử dụng chuột máy tính cẩn thận."
"vocab-L3-L3-U05-W07","internet","/ˈɪntɚnˌɛt/","mạng Internet","L3","L3-U05","🌐","I use the internet carefully.","Bé sử dụng mạng Internet cẩn thận."
"vocab-L3-L3-U05-W08","website","/wˈɛbsˌaɪt/","trang web","L3","L3-U05","🕸️","I use the website carefully.","Bé sử dụng trang web cẩn thận."
"vocab-L3-L3-U05-W09","email","/imˈeɪl/","thư điện tử","L3","L3-U05","📧","I use the email carefully.","Bé sử dụng thư điện tử cẩn thận."
"vocab-L3-L3-U05-W10","password","/pˈæswˌɝd/","mật khẩu","L3","L3-U05","🔑","I use the password carefully.","Bé sử dụng mật khẩu cẩn thận."
"vocab-L3-L3-U06-W01","reading","/rˈidɪŋ/","đọc sách","L3","L3-U06","📖","I enjoy reading.","Bé thích đọc sách."
"vocab-L3-L3-U06-W02","drawing","/drˈɔɪŋ/","vẽ","L3","L3-U06","✏️","I enjoy drawing.","Bé thích vẽ."
"vocab-L3-L3-U06-W03","painting","/pˈeɪntɪŋ/","vẽ tranh","L3","L3-U06","🎨","I enjoy painting.","Bé thích vẽ tranh."
"vocab-L3-L3-U06-W04","cooking","/kˈʊkɪŋ/","nấu ăn","L3","L3-U06","🍳","I enjoy cooking.","Bé thích nấu ăn."
"vocab-L3-L3-U06-W05","gardening","/ɡˈɑrdənɪŋ/","làm vườn","L3","L3-U06","🌱","I enjoy gardening.","Bé thích làm vườn."
"vocab-L3-L3-U06-W06","singing","/sˈɪŋɪŋ/","ca hát","L3","L3-U06","🎤","I enjoy singing.","Bé thích ca hát."
"vocab-L3-L3-U06-W07","dancing","/dˈænsɪŋ/","nhảy múa","L3","L3-U06","💃","I enjoy dancing.","Bé thích nhảy múa."
"vocab-L3-L3-U06-W08","photography","/fətˈɑɡrəfi/","nhiếp ảnh","L3","L3-U06","📸","I enjoy photography.","Bé thích nhiếp ảnh."
"vocab-L3-L3-U06-W09","collecting","/kəlˈɛktɪŋ/","sưu tầm","L3","L3-U06","🪨","I enjoy collecting.","Bé thích sưu tầm."
"vocab-L3-L3-U06-W10","camping","/kˈæmpɪŋ/","cắm trại","L3","L3-U06","⛺","I enjoy camping.","Bé thích cắm trại."
"vocab-L3-L3-U07-W01","neighbor","/nˈeɪbɚ/","hàng xóm","L3","L3-U07","🏡","Our neighbor is friendly.","Hàng xóm của chúng ta rất thân thiện."
"vocab-L3-L3-U07-W02","police station","/pəlˈis stˈeɪʃən/","đồn cảnh sát","L3","L3-U07","👮","The police station is near the bank.","Đồn cảnh sát ở gần ngân hàng."
"vocab-L3-L3-U07-W03","fire station","/fˈaɪɚ stˈeɪʃən/","trạm cứu hỏa","L3","L3-U07","👨‍🚒","Firefighters work at the fire station.","Lính cứu hỏa làm việc tại trạm cứu hỏa."
"vocab-L3-L3-U07-W04","museum","/mjuzˈiəm/","bảo tàng","L3","L3-U07","🏛️","We learn about history at the museum.","Chúng ta học về lịch sử tại bảo tàng."
"vocab-L3-L3-U07-W05","bakery","/bˈeɪkɚi/","tiệm bánh","L3","L3-U07","🥖","The bakery sells fresh bread.","Tiệm bánh bán bánh mì mới."
"vocab-L3-L3-U07-W06","market","/mˈɑrkət/","chợ","L3","L3-U07","🛒","My mother buys vegetables at the market.","Mẹ mua rau ở chợ."
"vocab-L3-L3-U07-W07","playground","/plˈeɪɡrˌaʊnd/","sân chơi","L3","L3-U07","🛝","Children play at the playground.","Trẻ em chơi ở sân chơi."
"vocab-L3-L3-U07-W08","traffic light","/trˈæfɪk lˈaɪt/","đèn giao thông","L3","L3-U07","🚦","Stop when the traffic light is red.","Dừng lại khi đèn giao thông màu đỏ."
"vocab-L3-L3-U07-W09","crossing","/krˈɔsɪŋ/","vạch qua đường","L3","L3-U07","🚶","Use the crossing to cross the road.","Hãy dùng vạch qua đường để sang đường."
"vocab-L3-L3-U07-W10","neighborhood","/nˈeɪbɚhˌʊd/","khu phố","L3","L3-U07","🏘️","My neighborhood is clean and friendly.","Khu phố của bé sạch sẽ và thân thiện."
"vocab-L3-L3-U08-W01","festival","/fˈɛstəvəl/","lễ hội","L3","L3-U08","🎈","Our town has a colorful festival.","Thành phố có một lễ hội đầy màu sắc."
"vocab-L3-L3-U08-W02","present","/prˈɛzənt/","quà tặng","L3","L3-U08","🎁","I give my friend a present.","Bé tặng bạn một món quà."
"vocab-L3-L3-U08-W03","party","/pˈɑrti/","bữa tiệc","L3","L3-U08","🎉","We sing and play at the party.","Chúng ta hát và chơi trong bữa tiệc."
"vocab-L3-L3-U08-W04","candle","/kˈændəl/","nến","L3","L3-U08","🕯️","There are candles on the cake.","Có những cây nến trên bánh."
"vocab-L3-L3-U08-W05","costume","/kɑstˈum/","trang phục hóa trang","L3","L3-U08","🎭","She wears a funny costume.","Bạn ấy mặc trang phục hóa trang vui nhộn."
"vocab-L3-L3-U08-W06","parade","/pɚˈeɪd/","cuộc diễu hành","L3","L3-U08","🎺","We watch the parade in the street.","Chúng ta xem cuộc diễu hành trên đường."
"vocab-L3-L3-U08-W07","holiday","/hˈɑlədˌeɪ/","ngày lễ/kỳ nghỉ","L3","L3-U08","🏖️","School is closed for the holiday.","Trường nghỉ trong ngày lễ."
"vocab-L3-L3-U08-W08","celebrate","/sˈɛləbrˌeɪt/","ăn mừng","L3","L3-U08","🥳","We celebrate together.","Chúng ta cùng ăn mừng."
"vocab-L3-L3-U08-W09","decorate","/dˈɛkɚˌeɪt/","trang trí","L3","L3-U08","🎀","We decorate the room with balloons.","Chúng ta trang trí phòng bằng bóng bay."
"vocab-L3-L3-U08-W10","invitation","/ˌɪnvɪtˈeɪʃən/","lời mời/thiệp mời","L3","L3-U08","✉️","I receive an invitation to the party.","Bé nhận được lời mời dự tiệc."
"vocab-L3-L3-U09-W01","kind","/kˈaɪnd/","tốt bụng","L3","L3-U09","💖","My friend is kind.","Bạn của bé rất tốt bụng."
"vocab-L3-L3-U09-W02","friendly","/frˈɛndli/","thân thiện","L3","L3-U09","🤝","My friend is friendly.","Bạn của bé rất thân thiện."
"vocab-L3-L3-U09-W03","polite","/pəlˈaɪt/","lịch sự","L3","L3-U09","🙇","My friend is polite.","Bạn của bé rất lịch sự."
"vocab-L3-L3-U09-W04","honest","/ˈɑnəst/","trung thực","L3","L3-U09","🤝","My friend is honest.","Bạn của bé rất trung thực."
"vocab-L3-L3-U09-W05","brave","/brˈeɪv/","dũng cảm","L3","L3-U09","🛡️","My friend is brave.","Bạn của bé rất dũng cảm."
"vocab-L3-L3-U09-W06","clever","/klˈɛvɚ/","thông minh","L3","L3-U09","💡","My friend is clever.","Bạn của bé rất thông minh."
"vocab-L3-L3-U09-W07","careful","/kˈɛrfəl/","cẩn thận","L3","L3-U09","🔍","My friend is careful.","Bạn của bé rất cẩn thận."
"vocab-L3-L3-U09-W08","patient","/pˈeɪʃənt/","kiên nhẫn","L3","L3-U09","⏳","My friend is patient.","Bạn của bé rất kiên nhẫn."
"vocab-L3-L3-U09-W09","helpful","/hˈɛlpfəl/","hay giúp đỡ","L3","L3-U09","🆘","My friend is helpful.","Bạn của bé rất hay giúp đỡ."
"vocab-L3-L3-U09-W10","shy","/ʃˈaɪ/","nhút nhát","L3","L3-U09","🙈","My friend is shy.","Bạn của bé rất nhút nhát."
"vocab-L3-L3-U10-W01","recycle","/risˈaɪkəl/","tái chế","L3","L3-U10","♻️","We recycle paper and glass.","Chúng ta tái chế giấy và thủy tinh."
"vocab-L3-L3-U10-W02","reuse","/rijˈus/","tái sử dụng","L3","L3-U10","🛍️","We reuse this bag.","Chúng ta tái sử dụng chiếc túi này."
"vocab-L3-L3-U10-W03","reduce","/rədˈus/","giảm bớt","L3","L3-U10","📉","We reduce plastic waste.","Chúng ta giảm rác thải nhựa."
"vocab-L3-L3-U10-W04","rubbish","/rˈʌbɪʃ/","rác","L3","L3-U10","🗑️","Put the rubbish in the bin.","Hãy bỏ rác vào thùng."
"vocab-L3-L3-U10-W05","plastic","/plˈæstɪk/","nhựa","L3","L3-U10","🥤","This bottle is made of plastic.","Chai này làm bằng nhựa."
"vocab-L3-L3-U10-W06","paper","/pˈeɪpɚ/","giấy","L3","L3-U10","📄","Use both sides of the paper.","Hãy sử dụng cả hai mặt giấy."
"vocab-L3-L3-U10-W07","glass","/ɡlˈæs/","thủy tinh","L3","L3-U10","🍷","Glass can be recycled.","Thủy tinh có thể được tái chế."
"vocab-L3-L3-U10-W08","electricity","/ɪlˌɛktrˈɪsəti/","điện","L3","L3-U10","⚡","Turn off the light to save electricity.","Tắt đèn để tiết kiệm điện."
"vocab-L3-L3-U10-W09","pollution","/pəlˈuʃən/","ô nhiễm","L3","L3-U10","🏭","Pollution can harm animals.","Ô nhiễm có thể gây hại cho động vật."
"vocab-L3-L3-U10-W10","protect","/prətˈɛkt/","bảo vệ","L3","L3-U10","🛡️","We protect trees and animals.","Chúng ta bảo vệ cây cối và động vật."
"vocab-L4-L4-U01-W01","experiment","/ɪkspˈɛrəmənt/","thí nghiệm","L4","L4-U01","🧪","We do an experiment with water.","Chúng ta làm một thí nghiệm với nước."
"vocab-L4-L4-U01-W02","energy","/ˈɛnɚdʒi/","năng lượng","L4","L4-U01","⚡","Food gives our bodies energy.","Thức ăn cung cấp năng lượng cho cơ thể."
"vocab-L4-L4-U01-W03","light","/lˈaɪt/","ánh sáng","L4","L4-U01","💡","Light helps us see.","Ánh sáng giúp chúng ta nhìn thấy."
"vocab-L4-L4-U01-W04","sound","/sˈaʊnd/","âm thanh","L4","L4-U01","🔊","A bell makes a loud sound.","Chiếc chuông tạo ra âm thanh lớn."
"vocab-L4-L4-U01-W05","heat","/hˈit/","nhiệt","L4","L4-U01","🔥","The Sun gives us heat.","Mặt Trời cung cấp nhiệt cho chúng ta."
"vocab-L4-L4-U01-W06","force","/fˈɔrs/","lực","L4","L4-U01","💥","A push is a kind of force.","Lực đẩy là một loại lực."
"vocab-L4-L4-U01-W07","matter","/mˈætɚ/","vật chất","L4","L4-U01","⚛️","Water and air are forms of matter.","Nước và không khí là các dạng vật chất."
"vocab-L4-L4-U01-W08","liquid","/lˈɪkwəd/","chất lỏng","L4","L4-U01","💧","Water is a liquid.","Nước là chất lỏng."
"vocab-L4-L4-U01-W09","solid","/sˈɑləd/","chất rắn","L4","L4-U01","🧊","Ice is a solid.","Nước đá là chất rắn."
"vocab-L4-L4-U01-W10","gas","/ɡˈæs/","chất khí","L4","L4-U01","💨","Air contains different gases.","Không khí chứa các chất khí khác nhau."
"vocab-L4-L4-U02-W01","planet","/plˈænət/","hành tinh","L4","L4-U02","🪐","Earth is a planet.","Trái Đất là một hành tinh."
"vocab-L4-L4-U02-W02","Earth","/ˈɝθ/","Trái Đất","L4","L4-U02","🌍","Earth is our home planet.","Trái Đất là hành tinh quê hương của chúng ta."
"vocab-L4-L4-U02-W03","Moon","/mˈun/","Mặt Trăng","L4","L4-U02","🌕","The Moon moves around Earth.","Mặt Trăng chuyển động quanh Trái Đất."
"vocab-L4-L4-U02-W04","Sun","/sˈʌn/","Mặt Trời","L4","L4-U02","☀️","The Sun gives us light and heat.","Mặt Trời cung cấp ánh sáng và nhiệt."
"vocab-L4-L4-U02-W05","star","/stˈɑr/","ngôi sao","L4","L4-U02","⭐","A star shines in the night sky.","Một ngôi sao tỏa sáng trên bầu trời đêm."
"vocab-L4-L4-U02-W06","astronaut","/ˈæstrənˌɑt/","phi hành gia","L4","L4-U02","👨‍🚀","An astronaut travels into space.","Phi hành gia du hành vào không gian."
"vocab-L4-L4-U02-W07","rocket","/rˈɑkət/","tên lửa","L4","L4-U02","🚀","The rocket launches into space.","Tên lửa phóng vào không gian."
"vocab-L4-L4-U02-W08","galaxy","/ɡˈæləksi/","thiên hà","L4","L4-U02","🌌","Our solar system is in a galaxy.","Hệ Mặt Trời của chúng ta ở trong một thiên hà."
"vocab-L4-L4-U02-W09","telescope","/tˈɛləskˌoʊp/","kính thiên văn","L4","L4-U02","🔭","We use a telescope to see stars.","Chúng ta dùng kính thiên văn để nhìn các ngôi sao."
"vocab-L4-L4-U02-W10","gravity","/ɡrˈævəti/","trọng lực","L4","L4-U02","🍏","Gravity pulls objects toward Earth.","Trọng lực kéo vật thể về phía Trái Đất."
"vocab-L4-L4-U03-W01","compare","/kəmpˈɛr/","so sánh","L4","L4-U03","⚖️","Compare the two pictures.","Hãy so sánh hai bức tranh."
"vocab-L4-L4-U03-W02","describe","/dɪskrˈaɪb/","mô tả","L4","L4-U03","📝","Describe the animal in the picture.","Hãy mô tả con vật trong tranh."
"vocab-L4-L4-U03-W03","explain","/ɪksplˈeɪn/","giải thích","L4","L4-U03","💡","Explain how you found the answer.","Hãy giải thích cách con tìm ra câu trả lời."
"vocab-L4-L4-U03-W04","classify","/klˈæsəfˌaɪ/","phân loại","L4","L4-U03","🏷️","Classify the animals into two groups.","Hãy phân loại động vật thành hai nhóm."
"vocab-L4-L4-U03-W05","calculate","/kˈælkjəlˌeɪt/","tính toán","L4","L4-U03","🧮","Calculate the total number of stars.","Hãy tính tổng số ngôi sao."
"vocab-L4-L4-U03-W06","observe","/əbzˈɝv/","quan sát","L4","L4-U03","🔬","Observe what happens to the ice.","Hãy quan sát điều xảy ra với nước đá."
"vocab-L4-L4-U03-W07","predict","/prɪdˈɪkt/","dự đoán","L4","L4-U03","🔮","Predict what will happen next.","Hãy dự đoán điều sẽ xảy ra tiếp theo."
"vocab-L4-L4-U03-W08","result","/rɪzˈʌlt/","kết quả","L4","L4-U03","📊","Write the result in the box.","Hãy viết kết quả vào ô."
"vocab-L4-L4-U03-W09","example","/ɪɡzˈæmpəl/","ví dụ","L4","L4-U03","📌","Give one example of a farm animal.","Hãy nêu một ví dụ về động vật trang trại."
"vocab-L4-L4-U03-W10","information","/ˌɪnfɚmˈeɪʃən/","thông tin","L4","L4-U03","ℹ️","Find the important information in the text.","Hãy tìm thông tin quan trọng trong đoạn văn."
"vocab-L4-L4-U04-W01","opinion","/əpˈɪnjən/","ý kiến","L4","L4-U04","💭","In my opinion, the story is interesting.","Theo ý kiến của bé, câu chuyện rất thú vị."
"vocab-L4-L4-U04-W02","agree","/əɡrˈi/","đồng ý","L4","L4-U04","👍","I agree with your idea.","Bé đồng ý với ý tưởng của bạn."
"vocab-L4-L4-U04-W03","disagree","/dɪsəɡrˈi/","không đồng ý","L4","L4-U04","👎","I disagree, but I will listen politely.","Bé không đồng ý nhưng vẫn lắng nghe lịch sự."
"vocab-L4-L4-U04-W04","suggest","/sədʒˈɛst/","đề xuất","L4","L4-U04","💡","I suggest reading this book.","Bé đề xuất đọc quyển sách này."
"vocab-L4-L4-U04-W05","invite","/ˌɪnvˈaɪt/","mời","L4","L4-U04","✉️","I invite my friend to play.","Bé mời bạn cùng chơi."
"vocab-L4-L4-U04-W06","reply","/rɪplˈaɪ/","trả lời","L4","L4-U04","💬","Please reply to my message.","Hãy trả lời tin nhắn của bé."
"vocab-L4-L4-U04-W07","question","/kwˈɛstʃən/","câu hỏi","L4","L4-U04","❓","I ask a question when I need help.","Bé đặt câu hỏi khi cần giúp đỡ."
"vocab-L4-L4-U04-W08","answer","/ˈænsɚ/","câu trả lời","L4","L4-U04","💡","Please answer in a full sentence.","Hãy trả lời bằng một câu đầy đủ."
"vocab-L4-L4-U04-W09","message","/mˈɛsədʒ/","tin nhắn","L4","L4-U04","📱","I send a short message to my teacher.","Bé gửi một tin nhắn ngắn cho giáo viên."
"vocab-L4-L4-U04-W10","conversation","/kˌɑnvɚsˈeɪʃən/","cuộc hội thoại","L4","L4-U04","🗣️","We have a polite conversation.","Chúng ta có một cuộc hội thoại lịch sự."
"vocab-L4-L4-U05-W01","problem","/prˈɑbləm/","vấn đề","L4","L4-U05","❓","First, understand the problem.","Trước tiên, hãy hiểu vấn đề."
"vocab-L4-L4-U05-W02","solution","/səlˈuʃən/","giải pháp","L4","L4-U05","💡","We found a simple solution.","Chúng ta tìm được một giải pháp đơn giản."
"vocab-L4-L4-U05-W03","plan","/plˈæn/","kế hoạch","L4","L4-U05","📋","Make a plan before you begin.","Hãy lập kế hoạch trước khi bắt đầu."
"vocab-L4-L4-U05-W04","choice","/tʃˈɔɪs/","lựa chọn","L4","L4-U05","🔀","Think carefully before making a choice.","Hãy suy nghĩ cẩn thận trước khi lựa chọn."
"vocab-L4-L4-U05-W05","reason","/rˈizən/","lý do","L4","L4-U05","🧠","Tell me the reason for your answer.","Hãy nói lý do cho câu trả lời của con."
"vocab-L4-L4-U05-W06","step","/stˈɛp/","bước","L4","L4-U05","👣","Follow each step in order.","Hãy làm theo từng bước theo thứ tự."
"vocab-L4-L4-U05-W07","check","/tʃˈɛk/","kiểm tra","L4","L4-U05","📊","Check your work when you finish.","Hãy kiểm tra bài khi hoàn thành."
"vocab-L4-L4-U05-W08","improve","/ˌɪmprˈuv/","cải thiện","L4","L4-U05","📈","Practice can improve your reading.","Luyện tập có thể cải thiện khả năng đọc."
"vocab-L4-L4-U05-W09","decide","/dˌɪsˈaɪd/","quyết định","L4","L4-U05","🎯","We decide which idea is best.","Chúng ta quyết định ý tưởng nào tốt nhất."
"vocab-L4-L4-U05-W10","complete","/kəmplˈit/","hoàn thành","L4","L4-U05","✅","Complete the task before lunch.","Hãy hoàn thành nhiệm vụ trước bữa trưa."
"vocab-L4-L4-U06-W01","proud","/prˈaʊd/","tự hào","L4","L4-U06","🦁","I feel proud today.","Hôm nay bé cảm thấy tự hào."
"vocab-L4-L4-U06-W02","worried","/wˈɝid/","lo lắng","L4","L4-U06","😟","I feel worried today.","Hôm nay bé cảm thấy lo lắng."
"vocab-L4-L4-U06-W03","surprised","/sɚprˈaɪzd/","ngạc nhiên","L4","L4-U06","😲","I feel surprised today.","Hôm nay bé cảm thấy ngạc nhiên."
"vocab-L4-L4-U06-W04","disappointed","/dˌɪsəpˈɔɪntɪd/","thất vọng","L4","L4-U06","😞","I feel disappointed today.","Hôm nay bé cảm thấy thất vọng."
"vocab-L4-L4-U06-W05","confident","/kˈɑnfədənt/","tự tin","L4","L4-U06","😎","I feel confident today.","Hôm nay bé cảm thấy tự tin."
"vocab-L4-L4-U06-W06","nervous","/nˈɝvəs/","hồi hộp","L4","L4-U06","😬","I feel nervous today.","Hôm nay bé cảm thấy hồi hộp."
"vocab-L4-L4-U06-W07","curious","/kjˈʊriəs/","tò mò","L4","L4-U06","🧐","I feel curious today.","Hôm nay bé cảm thấy tò mò."
"vocab-L4-L4-U06-W08","lonely","/lˈoʊnli/","cô đơn","L4","L4-U06","🥺","I feel lonely today.","Hôm nay bé cảm thấy cô đơn."
"vocab-L4-L4-U06-W09","grateful","/ɡrˈeɪtfəl/","biết ơn","L4","L4-U06","🙏","I feel grateful today.","Hôm nay bé cảm thấy biết ơn."
"vocab-L4-L4-U06-W10","embarrassed","/ɪmbˈɛrəst/","xấu hổ/ngượng","L4","L4-U06","😳","I feel embarrassed today.","Hôm nay bé cảm thấy xấu hổ/ngượng."
"vocab-L4-L4-U07-W01","country","/kˈʌntri/","quốc gia","L4","L4-U07","🌐","Vietnam is a beautiful country.","Việt Nam là một quốc gia xinh đẹp."
"vocab-L4-L4-U07-W02","language","/lˈæŋɡwədʒ/","ngôn ngữ","L4","L4-U07","🗣️","English is an international language.","Tiếng Anh là một ngôn ngữ quốc tế."
"vocab-L4-L4-U07-W03","culture","/kˈʌltʃɚ/","văn hóa","L4","L4-U07","⛩️","Food is part of a culture.","Ẩm thực là một phần của văn hóa."
"vocab-L4-L4-U07-W04","tradition","/trədˈɪʃən/","truyền thống","L4","L4-U07","📜","Families keep special traditions.","Các gia đình gìn giữ những truyền thống đặc biệt."
"vocab-L4-L4-U07-W05","custom","/kˈʌstəm/","phong tục","L4","L4-U07","🏮","Greeting politely is an important custom.","Chào hỏi lịch sự là một phong tục quan trọng."
"vocab-L4-L4-U07-W06","national","/nˈæʃənəl/","thuộc quốc gia","L4","L4-U07","🏛️","This is a national celebration.","Đây là một lễ kỷ niệm cấp quốc gia."
"vocab-L4-L4-U07-W07","local","/lˈoʊkəl/","địa phương","L4","L4-U07","🏡","We buy fruit at the local market.","Chúng ta mua trái cây ở chợ địa phương."
"vocab-L4-L4-U07-W08","foreign","/fˈɔrən/","nước ngoài","L4","L4-U07","✈️","She is learning a foreign language.","Bạn ấy đang học một ngoại ngữ."
"vocab-L4-L4-U07-W09","famous","/fˈeɪməs/","nổi tiếng","L4","L4-U07","🌟","This city is famous for its food.","Thành phố này nổi tiếng về ẩm thực."
"vocab-L4-L4-U07-W10","history","/hˈɪstɚi/","lịch sử","L4","L4-U07","📜","We learn about history at the museum.","Chúng ta học lịch sử tại bảo tàng."
"vocab-L4-L4-U08-W01","account","/əkˈaʊnt/","tài khoản","L4","L4-U08","👤","Use a strong password for your account.","Hãy dùng mật khẩu mạnh cho tài khoản."
"vocab-L4-L4-U08-W02","private","/prˈaɪvət/","riêng tư","L4","L4-U08","🔒","Keep personal information private.","Hãy giữ thông tin cá nhân riêng tư."
"vocab-L4-L4-U08-W03","public","/pˈʌblɪk/","công khai","L4","L4-U08","🌐","A public post can be seen by many people.","Bài đăng công khai có thể được nhiều người xem."
"vocab-L4-L4-U08-W04","download","/dˈaʊnlˌoʊd/","tải xuống","L4","L4-U08","📥","Ask an adult before you download a file.","Hãy hỏi người lớn trước khi tải tệp xuống."
"vocab-L4-L4-U08-W05","upload","/ˈʌplˌoʊd/","tải lên","L4","L4-U08","📤","Ask for permission before you upload a photo.","Hãy xin phép trước khi tải ảnh lên."
"vocab-L4-L4-U08-W06","online","/ˈɔnlˌaɪn/","trực tuyến","L4","L4-U08","💻","Be kind when you talk online.","Hãy tử tế khi giao tiếp trực tuyến."
"vocab-L4-L4-U08-W07","safe","/sˈeɪf/","an toàn","L4","L4-U08","🛡️","This website is safe for children.","Trang web này an toàn cho trẻ em."
"vocab-L4-L4-U08-W08","dangerous","/dˈeɪndʒɚəs/","nguy hiểm","L4","L4-U08","⚠️","Do not open a dangerous link.","Không mở đường liên kết nguy hiểm."
"vocab-L4-L4-U08-W09","report","/ripˈɔrt/","báo cáo/báo cho người lớn","L4","L4-U08","🚨","Report unsafe content to an adult.","Hãy báo nội dung không an toàn cho người lớn."
"vocab-L4-L4-U08-W10","permission","/pɚmˈɪʃən/","sự cho phép","L4","L4-U08","🔑","Ask for permission before sharing a photo.","Hãy xin phép trước khi chia sẻ ảnh."
"vocab-L4-L4-U09-W01","character","/kˈɛrɪktɚ/","nhân vật","L4","L4-U09","🎭","The main character is a brave girl.","Nhân vật chính là một cô bé dũng cảm."
"vocab-L4-L4-U09-W02","setting","/sˈɛtɪŋ/","bối cảnh","L4","L4-U09","🌄","The setting is a quiet forest.","Bối cảnh là một khu rừng yên tĩnh."
"vocab-L4-L4-U09-W03","beginning","/bɪɡˈɪnɪŋ/","phần mở đầu","L4","L4-U09","🎬","The beginning introduces the characters.","Phần mở đầu giới thiệu các nhân vật."
"vocab-L4-L4-U09-W04","middle","/mˈɪdəl/","phần giữa","L4","L4-U09","⏳","The middle shows the main problem.","Phần giữa thể hiện vấn đề chính."
"vocab-L4-L4-U09-W05","ending","/ˈɛndɪŋ/","phần kết","L4","L4-U09","🏁","The ending tells how the story finishes.","Phần kết cho biết câu chuyện kết thúc thế nào."
"vocab-L4-L4-U09-W06","event","/ɪvˈɛnt/","sự kiện","L4","L4-U09","⚡","A surprising event changes the story.","Một sự kiện bất ngờ làm thay đổi câu chuyện."
"vocab-L4-L4-U09-W07","adventure","/ædvˈɛntʃɚ/","cuộc phiêu lưu","L4","L4-U09","🧭","The children begin an adventure.","Các bạn nhỏ bắt đầu một cuộc phiêu lưu."
"vocab-L4-L4-U09-W08","mystery","/mˈɪstɚi/","điều bí ẩn","L4","L4-U09","🕵️","The missing key is a mystery.","Chiếc chìa khóa bị mất là một điều bí ẩn."
"vocab-L4-L4-U09-W09","imagine","/ˌɪmˈædʒən/","tưởng tượng","L4","L4-U09","💭","Imagine a city in the clouds.","Hãy tưởng tượng một thành phố trên mây."
"vocab-L4-L4-U09-W10","create","/kriˈeɪt/","tạo ra","L4","L4-U09","🎨","Create a new ending for the story.","Hãy tạo một kết thúc mới cho câu chuyện."
"vocab-L4-L4-U10-W01","dream","/drˈim/","ước mơ","L4","L4-U10","🌟","My dream is to become a scientist.","Ước mơ của bé là trở thành nhà khoa học."
"vocab-L4-L4-U10-W02","goal","/ɡˈoʊl/","mục tiêu","L4","L4-U10","🎯","My goal is to read ten pages.","Mục tiêu của bé là đọc mười trang."
"vocab-L4-L4-U10-W03","future","/fjˈutʃɚ/","tương lai","L4","L4-U10","🚀","I want to learn more in the future.","Bé muốn học thêm trong tương lai."
"vocab-L4-L4-U10-W04","practice","/prˈæktəs/","luyện tập","L4","L4-U10","🏋️","I practice English every day.","Bé luyện tiếng Anh mỗi ngày."
"vocab-L4-L4-U10-W05","progress","/prˈɑɡrˌɛs/","sự tiến bộ","L4","L4-U10","📈","I can see my progress this week.","Bé có thể thấy sự tiến bộ trong tuần này."
"vocab-L4-L4-U10-W06","success","/səksˈɛs/","thành công","L4","L4-U10","🏆","Hard work can lead to success.","Chăm chỉ có thể dẫn đến thành công."
"vocab-L4-L4-U10-W07","challenge","/tʃˈæləndʒ/","thử thách","L4","L4-U10","⛰️","This puzzle is a fun challenge.","Câu đố này là một thử thách thú vị."
"vocab-L4-L4-U10-W08","learn","/lˈɝn/","học","L4","L4-U10","📚","I learn from my mistakes.","Bé học từ những lỗi sai."
"vocab-L4-L4-U10-W09","achieve","/ətʃˈiv/","đạt được","L4","L4-U10","🏅","I can achieve my goal step by step.","Bé có thể đạt mục tiêu từng bước."
"vocab-L4-L4-U10-W10","promise","/prˈɑməs/","lời hứa/hứa","L4","L4-U10","🤝","I promise to keep trying.","Bé hứa sẽ tiếp tục cố gắng."
